drop table STUDIES
CREATE TABLE  STUDIES (
    PNAME varchar(50) ,
	INSTITUTE varchar(255),
	COURSE varchar(50),
	COURSEFEE int
);
INSERT INTO STUDIES (PNAME, INSTITUTE, COURSE,COURSEFEE)
VALUES ('ANAND', 'SABHARI', 'PGDCA' ,4500);
INSERT INTO STUDIES (PNAME, INSTITUTE, COURSE,COURSEFEE)
VALUES ('ALTAF', 'COIT', 'DCA' , 7200);
INSERT INTO STUDIES (PNAME, INSTITUTE, COURSE,COURSEFEE)
VALUES ('JULIANA', 'BDPS', 'MCA' , 22000);
INSERT INTO STUDIES (PNAME, INSTITUTE, COURSE,COURSEFEE)
VALUES ('KAMALA', 'PRAGATHI', 'DCA' , 5000);   
INSERT INTO STUDIES (PNAME, INSTITUTE, COURSE,COURSEFEE)
VALUES ('MARY', 'SABHARI', 'PGDCA' , 4500);    
INSERT INTO STUDIES (PNAME, INSTITUTE, COURSE,COURSEFEE)
VALUES ('NELSON', 'PRAGATHI', 'DAP' , 6200);    
INSERT INTO STUDIES (PNAME, INSTITUTE, COURSE,COURSEFEE)
VALUES ('PATRICK', 'PRAGATHI', 'DCAP' , 5200);   
INSERT INTO STUDIES (PNAME, INSTITUTE, COURSE,COURSEFEE)
VALUES ('QADIR', 'APPLE', 'HDCA' , 14000);    
INSERT INTO STUDIES (PNAME, INSTITUTE, COURSE,COURSEFEE)
VALUES ('RAMESH', 'SABHARI', 'PGDCA' , 4500);    
INSERT INTO STUDIES (PNAME, INSTITUTE, COURSE,COURSEFEE)
VALUES ('REBECCA', 'BRILLIANT', 'DCAP' , 11000);   
INSERT INTO STUDIES (PNAME, INSTITUTE, COURSE,COURSEFEE)
VALUES ('REMITHA', 'BDPS', 'DCS' , 6000);     
INSERT INTO STUDIES (PNAME, INSTITUTE, COURSE,COURSEFEE)
VALUES ('REVATHI', 'SABHARI', 'DAP' , 5000);    
INSERT INTO STUDIES (PNAME, INSTITUTE, COURSE,COURSEFEE)
VALUES ('VIJAYA', 'BDPS', 'DCA' , 48000);    
select *from STUDIES
--table SOFTWARE
drop table SOFTWARE
CREATE TABLE  SOFTWARE (
    PNAME varchar(255) ,
	TITLE varchar(255),
	DEVELOPIN varchar(255),
	SCOST float,
	DCOST int,
	SOLD int
);
INSERT INTO SOFTWARE (PNAME, TITLE, DEVELOPIN,SCOST,DCOST,SOLD)
VALUES ('MARY', 'README', 'CPP' ,300,1200,84);
INSERT INTO SOFTWARE (PNAME, TITLE, DEVELOPIN,SCOST,DCOST,SOLD)
VALUES ('ANAND', 'PARACHUTES', 'BASIC' ,399.95,6000,43);     
INSERT INTO SOFTWARE (PNAME, TITLE, DEVELOPIN,SCOST,DCOST,SOLD)
VALUES ('ANAND', 'VIDEO TITLING', 'PASCAL' ,7500,16000,9);     
INSERT INTO SOFTWARE (PNAME, TITLE, DEVELOPIN,SCOST,DCOST,SOLD)
VALUES ('JULIANA', 'INVENTORY', 'COBOL' ,3000,3500,0);      
INSERT INTO SOFTWARE (PNAME, TITLE, DEVELOPIN,SCOST,DCOST,SOLD)
VALUES ('KAMALA', 'PAYROLL PKG.', 'DBASE' ,9000,20000,7);     
INSERT INTO SOFTWARE (PNAME, TITLE, DEVELOPIN,SCOST,DCOST,SOLD)
VALUES ('MARY', 'FINANCIAL ACCT.', 'ORACLE' ,18000,85000,4);      
INSERT INTO SOFTWARE (PNAME, TITLE, DEVELOPIN,SCOST,DCOST,SOLD)
VALUES ('MARY', 'CODE GENERATOR', 'C' ,4500,20000,23);     
INSERT INTO SOFTWARE (PNAME, TITLE, DEVELOPIN,SCOST,DCOST,SOLD)
VALUES ('PATTRICK', 'README', 'CPP' ,300,1200,84);      
INSERT INTO SOFTWARE (PNAME, TITLE, DEVELOPIN,SCOST,DCOST,SOLD)
VALUES ('QADIR', 'BOMBS AWAY', 'ASSEMBLY' ,750,3000,11);      
INSERT INTO SOFTWARE (PNAME, TITLE, DEVELOPIN,SCOST,DCOST,SOLD)
VALUES ('QADIR', 'VACCINES', 'C' ,1900,3100,21);     
INSERT INTO SOFTWARE (PNAME, TITLE, DEVELOPIN,SCOST,DCOST,SOLD)
VALUES ('RAMESH', 'HOTEL MGMT.', 'DBASE' ,13000,35000,4);       
INSERT INTO SOFTWARE (PNAME, TITLE, DEVELOPIN,SCOST,DCOST,SOLD)
VALUES ('RAMESH', ' DEAD LEE', 'PASCAL' ,599.95,4500,73);      
INSERT INTO SOFTWARE (PNAME, TITLE, DEVELOPIN,SCOST,DCOST,SOLD)
VALUES ('REMITHA', '  PC UTILITIES', 'C' ,725,5000,51);      
INSERT INTO SOFTWARE (PNAME, TITLE, DEVELOPIN,SCOST,DCOST,SOLD)
VALUES ('REMITHA', 'TSR HELP PKG.', 'ASSEMBLY' ,2500,6000,7);      
INSERT INTO SOFTWARE (PNAME, TITLE, DEVELOPIN,SCOST,DCOST,SOLD)
VALUES ('REVATHI', 'HOSPITAL MGMT.', 'PASCAL' ,1100,75000,2);     
INSERT INTO SOFTWARE (PNAME, TITLE, DEVELOPIN,SCOST,DCOST,SOLD)
VALUES ('VIJAYA', 'TSR EDITOR', 'C' ,900,700,6);      

--table PROGRAMMER
drop table PROGRAMMER
CREATE TABLE  PROGRAMMER (
    PNAME varchar(255) ,
	 DOB date,
	 DOJ date,
	 GENDER varchar(15),
	 PROF1  varchar(150),
	 PROF2 varchar(150),
	 SALARY int
);
     
INSERT INTO PROGRAMMER (PNAME, DOB, DOJ,GENDER,PROF1,PROF2,SALARY)
VALUES ('ANAND', '12-Apr-66', '21-Apr-92' ,'M','PASCAL','BASIC',3200);      
INSERT INTO PROGRAMMER (PNAME, DOB, DOJ,GENDER,PROF1,PROF2,SALARY)
VALUES ('ALTAF', '02-Jul-64', '13-Nov-90' ,'M','CLIPPER','COBOL',2800);      
INSERT INTO PROGRAMMER (PNAME, DOB, DOJ,GENDER,PROF1,PROF2,SALARY)
VALUES ('JULIANA', '31-Jan-60', '21-Apr-90' ,'F','COBOL','DBASE',3000);      
INSERT INTO PROGRAMMER (PNAME, DOB, DOJ,GENDER,PROF1,PROF2,SALARY)
VALUES ('KAMALA', '30-Oct-68', '02-Jan-92' ,'F','C','DBASE',2900);      
INSERT INTO PROGRAMMER (PNAME, DOB, DOJ,GENDER,PROF1,PROF2,SALARY)
VALUES ('MARY', '24-Jun-70', '01-Feb-91' ,'F','CPP','ORACLE',4500);       
INSERT INTO PROGRAMMER (PNAME, DOB, DOJ,GENDER,PROF1,PROF2,SALARY)
VALUES ('NELSON', '11-Sep-85', '11-Oct-89' ,'M','COBOL','DBASE',2500);       
INSERT INTO PROGRAMMER (PNAME, DOB, DOJ,GENDER,PROF1,PROF2,SALARY)
VALUES ('PATTRICK', '10-Nov-65', '21-Apr-90' ,'M','PASCAL','CLIPPER',2800);       
INSERT INTO PROGRAMMER (PNAME, DOB, DOJ,GENDER,PROF1,PROF2,SALARY)
VALUES ('QADIR', '31-Aug-65', '21-Apr-91' ,'M','ASSEMBLY','C',3000);       
INSERT INTO PROGRAMMER (PNAME, DOB, DOJ,GENDER,PROF1,PROF2,SALARY)
VALUES ('RAMESH', '03-May-67', '28-Feb-91' ,'M','PASCAL','DBASE',3200);       
INSERT INTO PROGRAMMER (PNAME, DOB, DOJ,GENDER,PROF1,PROF2,SALARY)
VALUES ('REBECCA', '01-Jan-67', '01-Dec-90' ,'F','BASIC','COBOL',2500);            
INSERT INTO PROGRAMMER (PNAME, DOB, DOJ,GENDER,PROF1,PROF2,SALARY)
VALUES ('REMITHA', '19-Apr-70', '20-Apr-93' ,'F','C','ASSEMBLY',3600);       
INSERT INTO PROGRAMMER (PNAME, DOB, DOJ,GENDER,PROF1,PROF2,SALARY)
VALUES ('REVATHI', '02-Dec-69', '02-Jan-92' ,'F','PASCAL','BASIC',3700);      
INSERT INTO PROGRAMMER (PNAME, DOB, DOJ,GENDER,PROF1,PROF2,SALARY)
VALUES ('VIJAYA', '14-Dec-65', '02-May-92' ,'F','FOXPRO','C',3500);       
     